648,735,0,703,744,0,1023,1023,0,1023,1023,0
837,444,0,880,412,0,919,440,0,861,509,0
837,444,0,880,412,0,919,440,0,861,509,0
837,444,0,880,412,0,919,440,0,861,509,0
837,444,0,880,412,0,919,440,0,861,509,0
837,444,0,880,412,0,919,440,0,861,509,0
837,444,0,880,412,0,919,440,0,861,509,0
837,444,0,880,412,0,919,440,0,861,509,0
837,444,0,880,412,0,919,440,0,861,509,0
837,444,0,880,412,0,919,440,0,861,509,0
837,444,0,880,412,0,919,440,0,861,509,0
837,444,0,880,412,0,919,440,0,861,509,0
837,444,0,880,412,0,919,440,0,861,509,0
837,444,0,880,412,0,919,440,0,861,509,0
837,444,0,880,412,0,919,440,0,861,509,0
837,444,0,880,412,0,919,440,0,861,509,0
837,444,0,880,412,0,919,440,0,861,509,0
837,444,0,880,412,0,919,440,0,861,509,0
837,444,0,880,412,0,919,440,0,861,509,0
837,444,0,880,412,0,919,440,0,861,509,0
837,444,0,880,412,0,919,440,0,861,509,0
837,444,0,880,412,0,919,440,0,861,509,0
837,444,0,880,412,0,919,440,0,861,509,0
837,444,0,880,412,0,919,440,0,861,509,0
837,444,0,880,412,0,919,440,0,861,509,0
837,444,0,880,412,0,919,440,0,861,509,0
837,444,0,880,412,0,919,440,0,861,509,0
837,444,0,880,412,0,919,440,0,861,509,0
837,444,0,880,412,0,919,440,0,861,509,0
837,444,0,880,412,0,919,440,0,861,509,0
837,444,0,880,412,0,919,440,0,861,509,0
837,444,0,880,412,0,919,440,0,861,509,0
837,444,0,880,412,0,919,440,0,861,509,0
837,444,0,880,412,0,919,440,0,861,509,0
837,444,0,880,412,0,919,440,0,861,509,0
837,444,0,880,412,0,919,440,0,861,509,0
837,444,0,880,412,0,919,440,0,861,509,0
837,444,0,880,412,0,919,440,0,861,509,0
837,444,0,880,412,0,919,440,0,861,509,0
837,444,0,880,412,0,919,440,0,861,509,0
837,444,0,880,412,0,919,440,0,861,509,0
837,444,0,880,412,0,919,440,0,861,509,0
837,444,0,880,412,0,919,440,0,861,509,0
837,444,0,880,412,0,919,440,0,861,509,0
837,444,0,880,412,0,919,440,0,861,509,0
837,444,0,880,412,0,920,440,0,861,509,0
837,444,0,880,412,0,920,440,0,861,509,0
837,444,0,880,412,0,920,440,0,861,509,0
837,444,0,880,412,0,920,440,0,861,509,0
837,444,0,880,412,0,920,440,0,861,509,0
837,444,0,880,412,0,920,440,0,861,509,0
837,444,0,880,412,0,920,440,0,861,509,0
837,444,0,880,412,0,920,440,0,861,509,0
837,444,0,880,412,0,920,440,0,861,509,0
837,444,0,880,412,0,920,440,0,861,509,0
837,444,0,880,412,0,920,440,0,861,509,0
837,444,0,880,412,0,920,440,0,861,509,0
837,444,0,880,412,0,920,440,0,861,509,0
837,444,0,880,412,0,920,440,0,861,509,0
837,444,0,880,412,0,920,440,0,861,509,0
837,444,0,880,412,0,920,440,0,861,509,0
837,444,0,880,412,0,919,440,0,861,509,0
837,444,0,880,412,0,919,440,0,861,509,0
837,444,0,880,412,0,919,440,0,861,509,0
837,444,0,880,412,0,919,440,0,861,509,0
837,444,0,880,412,0,919,440,0,861,509,0
837,444,0,880,412,0,919,440,0,861,509,0
837,444,0,880,412,0,919,440,0,861,509,0
837,444,0,880,412,0,919,440,0,861,509,0
837,444,0,880,412,0,919,440,0,861,509,0
837,444,0,880,412,0,919,440,0,861,509,0
837,444,0,880,412,0,919,440,0,861,509,0
837,444,0,880,412,0,919,440,0,861,509,0
837,444,0,880,412,0,919,440,0,861,509,0
837,444,0,880,412,0,919,440,0,861,509,0
837,444,0,880,412,0,919,440,0,861,509,0
837,444,0,880,412,0,919,440,0,861,509,0
837,444,0,880,412,0,919,440,0,861,509,0
837,444,0,880,412,0,919,440,0,861,509,0
837,444,0,880,412,0,919,440,0,861,509,0
837,444,0,880,412,0,919,440,0,861,509,0
837,444,0,880,412,0,919,440,0,861,509,0
837,444,0,880,412,0,919,440,0,861,509,0
837,444,0,880,412,0,919,440,0,861,509,0
837,444,0,880,412,0,919,440,0,861,509,0
837,444,0,880,412,0,919,440,0,861,509,0
837,444,0,880,412,0,919,440,0,861,509,0
837,444,0,880,412,0,919,440,0,861,509,0
837,444,0,880,412,0,919,440,0,861,509,0
837,444,0,880,412,0,919,440,0,861,509,0
837,444,0,880,412,0,919,440,0,861,509,0
837,444,0,880,412,0,919,440,0,861,509,0
837,444,0,880,412,0,919,440,0,861,509,0
837,444,0,880,412,0,919,440,0,861,509,0
837,444,0,880,412,0,919,440,0,861,509,0
837,444,0,880,412,0,919,440,0,861,509,0
837,444,0,880,412,0,919,440,0,861,509,0
837,444,0,880,412,0,919,440,0,861,509,0
837,444,0,880,412,0,919,440,0,861,509,0
837,444,0,880,412,0,919,440,0,861,509,0
837,444,0,880,412,0,919,440,0,861,509,0
837,444,0,880,412,0,920,440,0,861,509,0
837,444,0,880,412,0,919,440,0,861,509,0
837,444,0,880,412,0,919,440,0,861,509,0
837,444,0,880,412,0,919,440,0,861,509,0
837,444,0,880,412,0,919,440,0,861,509,0
837,444,0,880,412,0,920,440,0,861,509,0
837,444,0,880,412,0,919,440,0,861,509,0
837,444,0,880,412,0,919,440,0,861,509,0
837,444,0,880,412,0,919,440,0,861,509,0
837,444,0,880,412,0,919,440,0,861,509,0
837,444,0,880,412,0,919,440,0,861,509,0
837,444,0,880,412,0,920,440,0,861,509,0
837,444,0,880,412,0,919,440,0,862,509,0
837,444,0,880,412,0,920,440,0,861,509,0
837,444,0,880,412,0,920,440,0,861,509,0
837,444,0,880,412,0,919,440,0,862,509,0
837,444,0,880,412,0,919,440,0,861,509,0
837,444,0,880,412,0,919,440,0,862,509,0
837,444,0,880,412,0,920,440,0,861,509,0
837,444,0,880,412,0,919,440,0,861,509,0
837,444,0,880,412,0,920,440,0,861,509,0
837,444,0,880,412,0,920,440,0,861,509,0
837,444,0,880,412,0,920,440,0,861,509,0
837,444,0,880,412,0,920,440,0,861,509,0
837,444,0,880,412,0,920,440,0,861,509,0
837,444,0,880,412,0,920,440,0,861,509,0
837,444,0,880,412,0,920,440,0,861,509,0
837,444,0,880,412,0,920,440,0,861,509,0
837,444,0,880,412,0,920,440,0,861,509,0
837,444,0,880,412,0,920,440,0,861,509,0
837,444,0,880,412,0,920,440,0,861,509,0
837,444,0,880,412,0,920,440,0,861,509,0
837,444,0,880,412,0,920,440,0,861,509,0
837,444,0,880,412,0,920,440,0,861,509,0
837,444,0,880,412,0,920,440,0,861,509,0
837,444,0,880,412,0,920,440,0,861,509,0
837,444,0,880,412,0,920,440,0,861,509,0
837,444,0,880,412,0,920,440,0,861,509,0
837,444,0,880,412,0,920,440,0,861,509,0
837,444,0,880,412,0,920,440,0,861,509,0
837,444,0,880,412,0,920,440,0,861,509,0
837,444,0,880,412,0,920,440,0,861,509,0
837,444,0,880,412,0,920,440,0,861,509,0
837,444,0,880,412,0,920,440,0,861,509,0
837,444,0,880,412,0,920,440,0,861,509,0
837,444,0,880,412,0,920,440,0,861,509,0
837,444,0,880,412,0,919,440,0,861,509,0
837,444,0,880,412,0,920,440,0,861,509,0
837,444,0,880,412,0,919,440,0,861,509,0
837,444,0,880,412,0,920,440,0,861,509,0
837,444,0,880,412,0,920,441,0,861,510,0
837,444,0,880,412,0,920,441,0,861,510,0
837,444,0,880,412,0,920,441,0,861,510,0
837,444,0,881,413,0,920,441,0,862,510,0
838,444,0,881,413,0,920,441,0,862,510,0
838,445,0,881,413,0,920,441,0,862,510,0
838,445,0,881,413,0,920,441,0,862,510,0
838,445,0,881,413,0,920,442,0,862,510,0
838,445,0,881,413,0,920,442,0,862,510,0
838,445,0,881,413,0,920,442,0,862,510,0
838,445,0,881,413,0,920,442,0,862,510,0
838,445,0,881,413,0,920,442,0,862,510,0
838,445,0,881,413,0,920,442,0,861,510,0
838,445,0,881,413,0,920,442,0,862,510,0
838,445,0,881,413,0,920,442,0,862,510,0
838,445,0,881,413,0,920,442,0,861,510,0
838,445,0,881,413,0,920,442,0,862,510,0
838,445,0,881,413,0,920,442,0,861,510,0
838,445,0,881,413,0,920,442,0,862,510,0
838,445,0,881,413,0,920,442,0,862,510,0
838,445,0,881,413,0,920,442,0,862,510,0
838,445,0,881,413,0,920,442,0,862,510,0
838,445,0,881,414,0,920,442,0,861,511,0
838,445,0,881,414,0,920,442,0,862,510,0
838,445,0,881,413,0,920,442,0,862,510,0
838,445,0,881,413,0,920,442,0,862,510,0
838,445,0,881,413,0,920,442,0,862,510,0
838,445,0,881,413,0,920,442,0,862,510,0
838,445,0,881,413,0,920,442,0,862,510,0
838,445,0,881,413,0,920,442,0,862,510,0
838,445,0,881,413,0,920,442,0,862,510,0
838,445,0,881,413,0,920,442,0,862,510,0
838,445,0,881,413,0,920,442,0,862,510,0
838,445,0,881,413,0,920,442,0,862,510,0
838,445,0,881,413,0,920,442,0,862,510,0
838,445,0,881,413,0,920,442,0,862,510,0
838,445,0,881,413,0,920,442,0,862,510,0
838,445,0,881,413,0,920,442,0,862,510,0
838,445,0,881,413,0,920,442,0,862,510,0
838,445,0,881,413,0,920,442,0,862,510,0
838,445,0,881,413,0,920,442,0,861,511,0
838,445,0,881,413,0,920,442,0,861,511,0
838,445,0,881,413,0,920,442,0,861,511,0
838,445,0,881,414,0,920,442,0,861,511,0
838,445,0,881,413,0,920,442,0,861,511,0
838,445,0,881,413,0,920,442,0,861,511,0
838,445,0,881,413,0,920,442,0,862,510,0
838,445,0,881,413,0,920,442,0,862,510,0
838,445,0,881,413,0,920,442,0,862,510,0
838,445,0,881,413,0,920,442,0,862,510,0
838,444,0,881,413,0,920,441,0,862,510,0
838,444,0,881,412,0,920,440,0,862,509,0
838,444,0,881,412,0,920,438,0,863,508,0
838,442,0,881,409,0,920,436,0,863,507,0
839,439,0,881,406,0,920,434,0,864,503,0
839,435,0,881,402,0,920,428,0,864,500,0
839,432,0,881,397,0,920,424,0,864,498,0
839,429,0,881,395,0,920,420,0,865,493,0
839,427,0,880,393,0,920,419,0,866,492,0
840,425,0,880,389,0,920,416,0,866,490,0
840,423,0,880,388,0,920,413,0,868,487,0
839,420,0,880,384,0,920,410,0,869,484,0
840,418,0,880,381,0,920,407,0,870,482,0
840,416,0,880,380,0,920,404,0,871,478,0
840,411,0,880,374,0,920,398,0,872,474,0
840,409,0,880,372,0,920,396,0,872,471,0
840,407,0,880,370,0,920,394,0,872,468,0
840,405,0,880,367,0,920,391,0,872,468,0
840,402,0,880,364,0,920,388,0,872,465,0
840,402,0,880,364,0,920,387,0,872,464,0
838,405,0,879,367,0,919,390,0,872,468,0
838,406,0,878,369,0,918,391,0,872,468,0
838,405,0,877,367,0,918,389,0,872,467,0
838,404,0,877,365,0,918,388,0,872,465,0
838,396,0,877,357,0,918,380,0,872,457,0
838,395,0,877,355,0,918,377,0,872,454,0
838,392,0,875,352,0,916,373,0,872,452,0
837,390,0,874,349,0,915,372,0,872,452,0
837,389,0,873,348,0,914,370,0,872,450,0
836,388,0,872,348,0,913,369,0,872,449,0
835,390,0,872,349,0,912,370,0,872,451,0
833,394,0,871,354,0,912,373,0,871,452,0
832,395,0,869,355,0,911,373,0,870,453,0
831,393,0,867,351,0,910,372,0,870,452,0
831,392,0,866,349,0,910,370,0,870,451,0
831,390,0,865,348,0,908,367,0,870,448,0
830,389,0,865,347,0,907,365,0,871,446,0
830,385,0,864,341,0,904,359,0,870,443,0
829,381,0,864,340,0,904,356,0,871,438,0
829,380,0,863,337,0,904,354,0,871,436,0
828,378,0,863,334,0,904,349,0,871,432,0
829,365,0,863,323,0,904,338,0,872,421,0
831,352,0,864,307,0,906,323,0,872,407,0
831,347,0,864,301,0,905,316,0,873,402,0
830,339,0,861,293,0,904,307,0,873,392,0
829,333,0,860,287,0,904,300,0,873,387,0
829,332,0,858,284,0,904,300,0,873,384,0
829,331,0,858,284,0,904,299,0,873,382,0
828,330,0,857,284,0,904,298,0,873,381,0
828,330,0,857,284,0,903,298,0,873,381,0
828,330,0,857,284,0,904,298,0,873,381,0
828,330,0,857,284,0,903,298,0,873,381,0
828,330,0,857,284,0,903,298,0,873,381,0
828,330,0,857,284,0,903,298,0,873,381,0
828,330,0,857,284,0,904,298,0,873,381,0
828,330,0,857,284,0,903,298,0,873,381,0
828,330,0,857,284,0,904,298,0,873,381,0
828,330,0,857,284,0,904,298,0,873,381,0
828,330,0,857,284,0,904,298,0,873,381,0
829,331,0,858,284,0,904,298,0,873,382,0
829,331,0,857,284,0,903,299,0,873,382,0
829,332,0,858,285,0,904,300,0,873,387,0
831,340,0,863,296,0,904,308,0,874,395,0
831,340,0,863,296,0,904,308,0,874,395,0
830,339,0,862,293,0,904,307,0,874,393,0
831,339,0,862,292,0,904,306,0,874,390,0
830,338,0,861,292,0,904,305,0,874,390,0
830,335,0,860,289,0,904,302,0,874,388,0
829,333,0,859,286,0,904,300,0,874,387,0
829,332,0,858,284,0,904,299,0,873,384,0
829,331,0,858,284,0,904,299,0,873,382,0
828,331,0,857,284,0,903,298,0,873,381,0
828,328,0,856,281,0,902,293,0,873,380,0
827,326,0,856,279,0,901,292,0,872,379,0
827,324,0,856,278,0,900,291,0,872,377,0
826,323,0,855,276,0,898,286,0,872,372,0
825,320,0,854,274,0,897,284,0,872,372,0
825,318,0,852,270,0,896,281,0,872,368,0
824,316,0,851,268,0,896,278,0,872,365,0
823,314,0,850,265,0,896,276,0,872,364,0
823,311,0,849,262,0,896,275,0,872,361,0
822,308,0,848,260,0,894,271,0,872,357,0
821,307,0,848,259,0,892,268,0,872,355,0
820,303,0,846,255,0,889,262,0,872,351,0
820,302,0,845,253,0,889,260,0,872,350,0
819,300,0,844,252,0,888,259,0,872,348,0
818,298,0,843,249,0,888,258,0,871,347,0
818,297,0,842,247,0,888,257,0,871,346,0
818,297,0,842,246,0,888,256,0,871,345,0
817,296,0,841,246,0,888,256,0,871,344,0
817,295,0,841,245,0,887,254,0,870,343,0
816,292,0,840,243,0,886,251,0,870,339,0
815,291,0,839,242,0,884,248,0,869,337,0
815,291,0,839,241,0,883,246,0,868,335,0
815,289,0,838,238,0,882,244,0,867,333,0
814,288,0,837,238,0,882,244,0,867,333,0
814,287,0,837,236,0,881,244,0,867,332,0
813,285,0,836,236,0,880,243,0,866,331,0
813,283,0,835,232,0,880,238,0,865,326,0
810,278,0,832,228,0,878,234,0,864,323,0
809,276,0,830,225,0,875,228,0,864,317,0
808,273,0,827,220,0,872,225,0,864,315,0
806,270,0,826,219,0,871,222,0,863,313,0
805,268,0,824,217,0,871,220,0,862,309,0
803,264,0,821,212,0,867,214,0,860,304,0
802,261,0,820,211,0,865,212,0,858,301,0
801,260,0,819,209,0,864,211,0,857,300,0
801,260,0,819,207,0,864,210,0,857,299,0
800,259,0,818,204,0,864,209,0,856,298,0
799,257,0,817,204,0,862,206,0,856,295,0
798,255,0,816,203,0,862,205,0,856,294,0
797,253,0,815,202,0,861,203,0,856,292,0
797,252,0,814,201,0,860,201,0,856,291,0
796,251,0,812,198,0,858,197,0,856,290,0
794,247,0,810,195,0,856,195,0,854,285,0
792,244,0,807,191,0,852,191,0,852,280,0
789,239,0,804,187,0,849,186,0,849,275,0
788,237,0,802,185,0,848,183,0,848,272,0
787,235,0,800,180,0,845,180,0,848,269,0
785,231,0,797,178,0,843,175,0,847,267,0
783,228,0,795,175,0,840,172,0,844,261,0
780,226,0,792,172,0,838,170,0,842,259,0
779,223,0,790,170,0,835,165,0,840,254,0
778,221,0,788,168,0,834,164,0,840,252,0
778,221,0,788,167,0,833,164,0,840,252,0
778,221,0,788,167,0,833,164,0,840,252,0
778,221,0,788,168,0,833,164,0,840,252,0
778,221,0,788,168,0,833,164,0,840,252,0
778,221,0,788,168,0,833,164,0,840,252,0
778,221,0,788,168,0,833,164,0,840,252,0
778,221,0,788,168,0,833,164,0,840,252,0
778,221,0,788,168,0,833,164,0,840,252,0
778,221,0,788,168,0,833,164,0,840,252,0
778,221,0,788,168,0,833,164,0,840,252,0
778,221,0,788,168,0,833,164,0,840,252,0
778,221,0,788,168,0,833,164,0,840,252,0
778,221,0,788,168,0,833,164,0,840,252,0
778,221,0,788,168,0,833,164,0,840,252,0
778,221,0,788,168,0,833,164,0,840,252,0
778,221,0,788,168,0,833,164,0,840,252,0
778,221,0,788,168,0,833,164,0,840,252,0
778,221,0,788,168,0,833,164,0,840,252,0
778,221,0,788,168,0,833,164,0,840,252,0
778,221,0,788,168,0,833,164,0,840,252,0
778,221,0,788,168,0,833,164,0,840,252,0
778,221,0,788,168,0,833,164,0,840,252,0
778,221,0,788,168,0,833,164,0,840,252,0
778,221,0,788,168,0,833,164,0,840,252,0
778,221,0,788,168,0,833,164,0,840,252,0
778,221,0,788,168,0,833,164,0,840,252,0
778,222,0,788,168,0,833,164,0,840,253,0
778,221,0,788,168,0,833,164,0,840,252,0
778,222,0,788,168,0,833,164,0,840,253,0
778,222,0,788,168,0,833,164,0,840,253,0
778,221,0,788,168,0,833,164,0,840,252,0
778,221,0,788,168,0,833,164,0,840,252,0
778,221,0,788,168,0,833,164,0,840,252,0
778,221,0,788,167,0,833,164,0,840,252,0
777,221,0,787,166,0,833,163,0,840,252,0
777,220,0,786,165,0,831,162,0,839,251,0
774,217,0,783,163,0,828,158,0,837,248,0
773,216,0,782,162,0,827,156,0,836,245,0
771,212,0,779,158,0,826,153,0,835,242,0
771,212,0,778,157,0,824,150,0,833,239,0
771,211,0,778,156,0,823,149,0,833,238,0
770,211,0,777,156,0,822,148,0,832,237,0
770,210,0,777,155,0,821,148,0,832,236,0
768,208,0,775,154,0,820,147,0,832,236,0
767,207,0,774,153,0,820,147,0,831,235,0
765,205,0,772,151,0,818,143,0,830,234,0
764,203,0,771,149,0,816,141,0,829,231,0
764,203,0,770,148,0,814,140,0,827,229,0
763,202,0,769,147,0,813,139,0,827,228,0
763,201,0,768,147,0,813,139,0,826,228,0
762,201,0,767,146,0,813,138,0,826,227,0
760,198,0,765,144,0,811,136,0,824,224,0
758,196,0,763,141,0,808,133,0,823,221,0
756,195,0,761,140,0,805,131,0,822,219,0
756,194,0,759,138,0,804,130,0,821,218,0
754,192,0,757,138,0,803,127,0,819,214,0
752,190,0,756,135,0,800,125,0,818,212,0
749,188,0,753,133,0,797,123,0,816,211,0
748,187,0,750,131,0,796,122,0,815,210,0
748,187,0,749,131,0,795,121,0,814,209,0
747,186,0,748,131,0,794,120,0,813,207,0
747,185,0,748,130,0,793,118,0,812,206,0
745,184,0,747,130,0,789,116,0,811,204,0
743,182,0,745,128,0,788,116,0,809,203,0
740,180,0,740,125,0,787,114,0,808,202,0
739,179,0,739,124,0,782,111,0,806,198,0
736,176,0,735,122,0,779,108,0,803,195,0
731,172,0,730,117,0,772,104,0,799,189,0
730,171,0,725,115,0,770,101,0,796,187,0
726,168,0,724,114,0,766,99,0,794,182,0
723,166,0,721,112,0,763,97,0,791,180,0
722,165,0,716,110,0,762,94,0,789,179,0
716,162,0,712,107,0,755,91,0,786,174,0
713,159,0,708,105,0,748,88,0,781,171,0
708,155,0,701,101,0,744,84,0,778,166,0
706,154,0,698,100,0,740,81,0,774,163,0
701,151,0,693,97,0,734,78,0,771,161,0
699,149,0,691,95,0,731,76,0,767,157,0
691,146,0,682,91,0,722,71,0,761,152,0
690,144,0,677,90,0,719,69,0,758,149,0
688,143,0,676,89,0,716,68,0,756,148,0
685,142,0,675,89,0,715,68,0,755,148,0
684,141,0,673,88,0,713,67,0,754,147,0
682,140,0,668,86,0,708,64,0,751,145,0
676,138,0,664,84,0,703,62,0,746,140,0
675,137,0,660,83,0,699,60,0,744,139,0
674,137,0,659,83,0,698,60,0,742,138,0
671,135,0,657,82,0,695,58,0,741,137,0
669,133,0,654,81,0,692,57,0,739,134,0
662,131,0,646,79,0,683,54,0,732,130,0
656,128,0,637,76,0,675,50,0,724,125,0
652,127,0,634,75,0,671,49,0,722,123,0
647,125,0,628,73,0,666,48,0,717,121,0
642,123,0,621,72,0,658,45,0,710,117,0
635,121,0,614,71,0,651,42,0,704,114,0
626,117,0,603,67,0,636,39,0,693,107,0
622,116,0,599,66,0,634,37,0,691,106,0
621,115,0,596,66,0,630,37,0,690,105,0
619,115,0,595,66,0,628,36,0,689,104,0
617,115,0,593,65,0,626,35,0,684,103,0
612,114,0,587,64,0,620,33,0,680,100,0
607,112,0,581,64,0,612,32,0,674,97,0
603,111,0,578,63,0,609,31,0,671,96,0
601,110,0,573,63,0,604,31,0,667,94,0
597,109,0,570,63,0,601,30,0,665,93,0
594,109,0,566,62,0,596,29,0,660,91,0
591,108,0,563,61,0,593,27,0,658,90,0
588,107,0,559,61,0,589,27,0,655,89,0
585,106,0,555,60,0,586,26,0,652,88,0
583,106,0,553,59,0,584,25,0,651,87,0
582,106,0,553,59,0,583,25,0,651,87,0
581,106,0,552,59,0,583,25,0,650,87,0
580,105,0,550,59,0,581,25,0,649,86,0
580,105,0,550,59,0,581,25,0,649,86,0
580,105,0,550,59,0,581,25,0,648,86,0
580,105,0,550,59,0,581,25,0,648,86,0
580,105,0,550,59,0,581,25,0,648,86,0
580,105,0,550,59,0,581,25,0,648,86,0
580,105,0,550,59,0,581,25,0,648,86,0
580,105,0,549,59,0,581,25,0,648,86,0
580,105,0,549,59,0,580,25,0,647,86,0
579,105,0,548,58,0,579,25,0,645,85,0
579,105,0,547,58,0,578,24,0,644,84,0
578,104,0,546,58,0,576,25,0,643,84,0
577,104,0,546,58,0,575,25,0,642,83,0
575,104,0,544,58,0,574,24,0,642,83,0
574,104,0,542,58,0,572,24,0,640,82,0
573,104,0,541,58,0,571,24,0,638,81,0
572,104,0,539,57,0,569,24,0,637,81,0
571,104,0,539,57,0,568,24,0,636,81,0
571,104,0,539,57,0,568,24,0,636,81,0
571,104,0,539,57,0,568,24,0,636,81,0
571,104,0,539,57,0,568,24,0,636,80,0
571,104,0,539,57,0,568,24,0,636,81,0
571,104,0,539,57,0,568,24,0,636,81,0
571,104,0,539,57,0,568,24,0,636,81,0
571,104,0,539,57,0,568,24,0,636,81,0
571,104,0,539,57,0,568,24,0,636,80,0
571,104,0,539,57,0,568,24,0,636,80,0
571,104,0,539,57,0,568,24,0,636,81,0
571,104,0,539,57,0,568,24,0,636,80,0
571,104,0,539,57,0,568,24,0,636,81,0
571,104,0,539,57,0,568,24,0,636,80,0
571,104,0,539,57,0,568,24,0,636,80,0
571,104,0,538,57,0,567,24,0,636,80,0
570,104,0,538,57,0,566,24,0,635,80,0
569,104,0,537,57,0,565,24,0,635,80,0
569,104,0,536,57,0,565,24,0,635,80,0
568,104,0,535,57,0,564,24,0,634,80,0
567,103,0,533,57,0,562,24,0,632,80,0
566,103,0,532,57,0,561,24,0,630,80,0
565,103,0,531,57,0,560,24,0,630,80,0
565,103,0,531,57,0,560,24,0,630,80,0
565,103,0,531,57,0,560,24,0,629,80,0
564,103,0,531,57,0,559,24,0,628,80,0
564,103,0,531,57,0,558,24,0,628,80,0
562,103,0,530,57,0,556,24,0,627,79,0
558,103,0,523,57,0,550,24,0,619,77,0
554,103,0,520,58,0,547,24,0,618,77,0
552,103,0,515,58,0,543,24,0,614,75,0
549,103,0,514,59,0,539,24,0,611,75,0
546,102,0,510,59,0,537,24,0,610,74,0
544,103,0,507,60,0,532,24,0,604,73,0
541,102,0,505,61,0,530,24,0,603,73,0
539,102,0,502,61,0,527,24,0,602,72,0
538,102,0,500,61,0,526,24,0,601,72,0
537,102,0,499,61,0,524,24,0,599,72,0
535,102,0,499,61,0,522,24,0,597,72,0
533,102,0,496,61,0,520,24,0,596,72,0
531,102,0,493,62,0,517,24,0,593,72,0
525,102,0,488,63,0,511,24,0,587,70,0
519,102,0,481,64,0,503,24,0,579,69,0
516,102,0,477,64,0,499,25,0,576,68,0
514,102,0,475,64,0,497,24,0,572,67,0
513,103,0,475,64,0,495,24,0,571,67,0
513,103,0,475,64,0,496,24,0,571,67,0
514,102,0,475,64,0,498,24,0,573,68,0
515,102,0,476,64,0,499,24,0,575,68,0
515,102,0,476,64,0,499,24,0,575,68,0
515,102,0,476,64,0,499,24,0,575,68,0
515,102,0,476,64,0,499,24,0,575,68,0
515,102,0,476,64,0,499,24,0,575,68,0
515,102,0,476,64,0,499,24,0,575,68,0
515,102,0,476,64,0,499,24,0,575,68,0
515,102,0,476,64,0,499,24,0,575,68,0
515,102,0,476,64,0,499,24,0,575,68,0
515,102,0,476,64,0,499,24,0,575,68,0
515,102,0,476,64,0,499,24,0,575,68,0
515,102,0,476,64,0,499,24,0,575,68,0
515,102,0,476,64,0,499,24,0,575,68,0
515,102,0,476,64,0,499,24,0,575,68,0
515,102,0,476,64,0,499,24,0,575,68,0
515,102,0,476,64,0,499,24,0,575,68,0
515,102,0,476,64,0,499,24,0,575,68,0
515,102,0,476,64,0,499,24,0,575,68,0
515,102,0,476,64,0,499,24,0,575,68,0
515,102,0,476,64,0,499,24,0,575,68,0
515,102,0,476,64,0,499,24,0,575,68,0
515,102,0,476,64,0,499,24,0,575,68,0
515,102,0,476,64,0,499,24,0,575,68,0
515,102,0,476,64,0,498,24,0,574,68,0
515,102,0,475,64,0,498,24,0,573,68,0
514,103,0,475,64,0,496,24,0,572,67,0
512,103,0,472,64,0,493,25,0,570,66,0
508,103,0,468,64,0,490,24,0,565,66,0
501,104,0,460,66,0,481,25,0,559,66,0
492,104,0,452,70,0,469,26,0,550,65,0
484,105,0,443,72,0,459,31,0,540,64,0
481,105,0,438,72,0,455,32,0,536,64,0
476,106,0,434,72,0,450,32,0,531,64,0
473,108,0,428,75,0,444,32,0,528,64,0
469,109,0,426,77,0,442,32,0,524,64,0
466,109,0,420,79,0,436,32,0,521,64,0
463,110,0,419,80,0,433,33,0,515,64,0
460,111,0,414,80,0,428,37,0,514,64,0
457,111,0,412,80,0,426,39,0,509,64,0
453,111,0,409,81,0,421,40,0,507,64,0
451,112,0,405,83,0,419,40,0,503,64,0
449,113,0,402,85,0,415,40,0,499,65,0
444,115,0,396,87,0,411,40,0,493,66,0
438,117,0,392,89,0,403,47,0,489,68,0
436,117,0,388,91,0,398,47,0,484,69,0
431,119,0,381,94,0,393,48,0,480,71,0
428,120,0,379,95,0,389,48,0,476,72,0
425,121,0,377,96,0,386,51,0,473,72,0
421,122,0,372,98,0,380,55,0,468,72,0
414,126,0,364,103,0,372,56,0,460,72,0
412,126,0,362,104,0,370,57,0,458,72,0
409,127,0,359,106,0,364,62,0,452,72,0
405,129,0,355,108,0,360,64,0,450,73,0
396,133,0,346,113,0,349,69,0,437,79,0
392,136,0,340,118,0,344,72,0,435,80,0
387,139,0,335,122,0,337,76,0,427,80,0
381,141,0,330,124,0,331,79,0,421,83,0
380,143,0,327,127,0,330,81,0,419,86,0
379,144,0,325,128,0,327,83,0,416,87,0
380,143,0,327,127,0,330,81,0,419,86,0
381,142,0,330,125,0,331,80,0,420,85,0
381,142,0,331,125,0,331,80,0,421,84,0
382,141,0,331,125,0,331,79,0,421,84,0
382,141,0,331,125,0,331,79,0,421,84,0
382,141,0,331,125,0,331,79,0,421,84,0
382,141,0,331,125,0,331,79,0,421,84,0
382,141,0,331,125,0,331,79,0,421,84,0
382,141,0,331,125,0,331,79,0,421,84,0
382,141,0,331,125,0,331,79,0,421,84,0
382,141,0,331,125,0,331,79,0,421,84,0
382,141,0,331,125,0,331,79,0,421,84,0
383,141,0,331,125,0,332,79,0,422,84,0
383,141,0,331,124,0,332,79,0,422,84,0
384,141,0,331,124,0,332,79,0,423,84,0
384,141,0,331,124,0,332,79,0,423,84,0
382,142,0,331,125,0,331,80,0,421,85,0
379,144,0,328,128,0,329,82,0,419,87,0
379,145,0,325,129,0,327,83,0,417,88,0
372,148,0,319,133,0,320,88,0,410,88,0
369,150,0,315,138,0,314,92,0,404,92,0
363,154,0,310,140,0,308,95,0,397,94,0
360,156,0,306,146,0,302,100,0,392,96,0
355,160,0,300,149,0,298,104,0,387,98,0
347,164,0,293,156,0,287,112,0,376,104,0
343,168,0,290,160,0,283,115,0,372,104,0
338,172,0,284,165,0,276,121,0,364,110,0
335,174,0,281,168,0,274,123,0,362,112,0
331,178,0,277,172,0,268,128,0,356,115,0
327,181,0,273,178,0,264,132,0,351,117,0
320,188,0,265,186,0,255,140,0,341,124,0
313,195,0,258,194,0,247,149,0,334,128,0
309,197,0,255,196,0,243,155,0,330,132,0
307,201,0,252,201,0,241,156,0,325,134,0
305,203,0,250,204,0,236,162,0,323,137,0
303,204,0,249,206,0,235,163,0,321,139,0
299,210,0,245,212,0,231,169,0,316,142,0
298,211,0,243,215,0,228,172,0,314,145,0
293,219,0,238,221,0,223,179,0,307,150,0
290,224,0,234,229,0,217,187,0,301,156,0
287,227,0,232,233,0,216,189,0,299,158,0
284,229,0,230,236,0,212,195,0,295,162,0
282,233,0,228,240,0,211,198,0,293,164,0
282,234,0,227,242,0,209,201,0,291,166,0
279,238,0,225,247,0,206,204,0,289,170,0
276,243,0,223,252,0,202,211,0,284,174,0
275,245,0,221,254,0,201,214,0,282,177,0
274,248,0,219,259,0,199,218,0,281,179,0
273,250,0,218,260,0,198,220,0,278,180,0
272,251,0,218,261,0,198,221,0,277,181,0
270,253,0,216,267,0,194,226,0,274,186,0
269,255,0,216,267,0,194,227,0,274,186,0
267,258,0,215,268,0,192,231,0,272,188,0
266,260,0,213,274,0,191,235,0,269,192,0
265,263,0,212,276,0,189,237,0,266,194,0
265,264,0,211,277,0,189,238,0,266,195,0
265,263,0,212,276,0,189,237,0,266,194,0
266,261,0,212,275,0,190,236,0,267,194,0
267,259,0,214,270,0,192,233,0,271,189,0
268,255,0,216,267,0,194,227,0,273,187,0
270,253,0,216,266,0,194,226,0,275,185,0
271,252,0,218,262,0,197,221,0,277,182,0
272,251,0,218,262,0,198,220,0,278,182,0
272,251,0,219,260,0,198,220,0,278,181,0
273,251,0,219,260,0,198,220,0,278,181,0
273,251,0,219,260,0,198,220,0,278,181,0
273,251,0,219,260,0,198,220,0,278,181,0
273,251,0,219,260,0,198,220,0,278,181,0
273,251,0,219,260,0,198,220,0,278,181,0
273,251,0,219,260,0,198,220,0,278,181,0
273,250,0,219,260,0,199,220,0,279,181,0
273,250,0,219,260,0,199,219,0,279,180,0
273,249,0,219,259,0,199,219,0,280,179,0
274,247,0,220,257,0,200,218,0,281,178,0
274,246,0,220,256,0,200,217,0,281,178,0
274,244,0,220,255,0,200,214,0,281,177,0
274,243,0,220,252,0,200,211,0,281,173,0
274,244,0,220,254,0,200,213,0,281,176,0
274,248,0,219,259,0,200,219,0,281,179,0
274,248,0,219,258,0,200,219,0,281,179,0
274,248,0,219,258,0,200,218,0,281,179,0
274,248,0,219,258,0,200,218,0,281,179,0
274,248,0,219,258,0,200,218,0,281,179,0
274,248,0,219,258,0,200,218,0,281,179,0
274,248,0,219,258,0,200,218,0,281,179,0
274,248,0,219,258,0,200,218,0,281,179,0
274,248,0,219,258,0,200,218,0,281,179,0
274,248,0,219,258,0,200,218,0,281,179,0
274,248,0,219,258,0,200,218,0,281,179,0
274,248,0,219,258,0,200,218,0,281,179,0
274,248,0,219,258,0,200,218,0,281,179,0
274,248,0,219,259,0,200,219,0,281,179,0
274,248,0,219,259,0,199,219,0,280,179,0
273,249,0,219,259,0,199,219,0,280,179,0
273,250,0,218,260,0,198,220,0,278,180,0
272,251,0,218,260,0,198,220,0,278,181,0
272,251,0,218,260,0,198,220,0,278,181,0
272,251,0,218,261,0,198,220,0,277,181,0
272,251,0,218,262,0,197,221,0,277,182,0
271,251,0,218,262,0,197,221,0,277,182,0
271,252,0,217,263,0,197,222,0,276,183,0
271,252,0,217,265,0,196,224,0,275,184,0
270,253,0,216,266,0,194,226,0,274,186,0
268,256,0,215,267,0,193,228,0,273,187,0
267,259,0,215,269,0,192,232,0,271,189,0
267,259,0,214,271,0,192,233,0,270,190,0
266,260,0,213,273,0,191,235,0,269,192,0
266,261,0,212,275,0,190,235,0,267,194,0
265,263,0,212,276,0,190,236,0,266,194,0
264,265,0,211,278,0,188,239,0,266,195,0
261,268,0,208,283,0,185,244,0,263,201,0
261,270,0,208,284,0,184,247,0,261,202,0
259,274,0,208,288,0,183,251,0,259,204,0
258,275,0,207,291,0,182,252,0,257,207,0
258,277,0,206,292,0,180,257,0,256,210,0
256,282,0,203,298,0,178,260,0,254,212,0
254,284,0,202,301,0,176,265,0,252,215,0
253,287,0,201,306,0,176,268,0,249,219,0
252,289,0,200,307,0,176,269,0,249,219,0
251,291,0,200,310,0,175,273,0,248,221,0
251,293,0,200,313,0,174,276,0,246,225,0
249,296,0,199,315,0,171,280,0,244,228,0
249,298,0,199,316,0,170,283,0,243,229,0
249,299,0,198,320,0,169,285,0,241,233,0
248,302,0,198,323,0,168,288,0,240,234,0
247,305,0,197,325,0,168,291,0,239,235,0
246,306,0,196,327,0,168,292,0,239,236,0
246,308,0,195,330,0,168,293,0,238,238,0
244,313,0,193,336,0,166,300,0,234,244,0
243,315,0,193,339,0,164,305,0,232,249,0
242,317,0,192,341,0,163,308,0,232,251,0
241,320,0,192,344,0,162,310,0,231,251,0
241,322,0,192,347,0,161,314,0,230,253,0
241,323,0,192,348,0,160,315,0,229,254,0
241,324,0,192,348,0,160,316,0,227,257,0
240,325,0,192,350,0,160,318,0,227,259,0
240,327,0,192,353,0,160,320,0,226,260,0
240,330,0,192,355,0,160,323,0,225,261,0
238,334,0,191,361,0,160,329,0,224,267,0
238,337,0,191,363,0,159,331,0,223,268,0
237,339,0,191,364,0,159,332,0,223,269,0
237,339,0,191,365,0,159,332,0,223,270,0
237,339,0,191,365,0,159,333,0,222,270,0
237,340,0,191,367,0,159,335,0,221,274,0
237,340,0,190,369,0,158,338,0,220,275,0
236,341,0,190,371,0,157,339,0,220,275,0
236,343,0,190,371,0,157,339,0,219,276,0
236,346,0,190,373,0,157,341,0,218,279,0
235,348,0,189,379,0,155,347,0,216,283,0
234,350,0,189,380,0,155,348,0,216,284,0
234,353,0,188,381,0,153,353,0,216,286,0
234,354,0,189,383,0,153,354,0,216,287,0
234,355,0,188,386,0,153,355,0,216,289,0
234,356,0,188,387,0,153,356,0,215,291,0
234,357,0,188,388,0,152,359,0,214,292,0
233,360,0,188,389,0,152,361,0,214,292,0
233,361,0,188,393,0,152,363,0,212,295,0
233,364,0,187,396,0,152,367,0,211,299,0
232,369,0,188,401,0,152,372,0,209,305,0
232,372,0,188,404,0,152,377,0,208,308,0
232,373,0,187,405,0,152,379,0,208,308,0
232,374,0,188,408,0,152,379,0,208,310,0
232,376,0,188,409,0,152,380,0,208,311,0
232,377,0,188,410,0,152,383,0,208,313,0
232,379,0,188,412,0,152,384,0,208,315,0
231,379,0,188,412,0,152,387,0,208,315,0
231,380,0,187,414,0,152,387,0,207,316,0
231,381,0,188,416,0,152,388,0,207,316,0
231,382,0,188,416,0,152,388,0,207,316,0
231,381,0,188,416,0,152,388,0,207,316,0
231,381,0,188,416,0,152,388,0,207,316,0
231,381,0,188,416,0,152,388,0,207,316,0
231,381,0,188,416,0,152,388,0,207,316,0
231,381,0,188,416,0,152,388,0,207,316,0
231,381,0,188,416,0,152,388,0,207,316,0
231,381,0,188,416,0,152,388,0,207,316,0
231,381,0,188,416,0,152,388,0,207,316,0
231,381,0,188,416,0,152,388,0,207,316,0
231,381,0,188,415,0,152,388,0,207,316,0
231,381,0,188,415,0,152,388,0,207,316,0
231,381,0,188,415,0,152,388,0,207,316,0
231,381,0,188,415,0,152,388,0,207,316,0
231,381,0,188,415,0,152,388,0,207,316,0
231,381,0,188,415,0,152,388,0,207,316,0
231,381,0,188,415,0,152,388,0,207,316,0
231,381,0,188,415,0,152,388,0,207,316,0
231,381,0,188,415,0,152,388,0,207,316,0
231,381,0,188,415,0,152,388,0,207,316,0
231,381,0,188,415,0,152,388,0,207,316,0
231,381,0,188,415,0,152,388,0,207,316,0
231,381,0,188,415,0,152,388,0,207,316,0
231,381,0,188,415,0,152,388,0,207,316,0
231,381,0,188,415,0,152,388,0,207,316,0
231,381,0,188,416,0,152,388,0,207,316,0
231,382,0,188,417,0,152,389,0,207,316,0
231,383,0,188,418,0,152,390,0,206,317,0
231,388,0,188,422,0,152,395,0,205,324,0
231,390,0,189,426,0,152,399,0,204,326,0
231,393,0,189,429,0,152,403,0,202,330,0
230,396,0,190,434,0,152,408,0,201,333,0
230,398,0,190,435,0,152,410,0,200,336,0
231,400,0,190,437,0,152,412,0,200,339,0
230,404,0,190,442,0,152,417,0,200,340,0
230,405,0,191,443,0,152,419,0,200,343,0
231,407,0,191,445,0,152,420,0,200,346,0
231,409,0,191,447,0,152,423,0,200,347,0
230,410,0,191,448,0,152,425,0,200,348,0
230,411,0,191,451,0,152,427,0,200,349,0
230,412,0,191,452,0,152,428,0,200,351,0
230,414,0,192,453,0,152,430,0,200,354,0
231,416,0,192,454,0,152,432,0,200,355,0
231,418,0,192,457,0,152,435,0,199,356,0
231,419,0,192,459,0,152,436,0,199,357,0
231,420,0,192,460,0,152,438,0,199,360,0
231,421,0,192,461,0,152,439,0,198,362,0
231,422,0,192,461,0,152,441,0,198,363,0
231,424,0,192,463,0,152,443,0,198,363,0
231,425,0,192,464,0,152,444,0,198,364,0
231,426,0,192,466,0,152,445,0,197,365,0
231,428,0,193,468,0,152,447,0,197,368,0
232,431,0,193,471,0,153,452,0,196,372,0
231,434,0,194,476,0,153,453,0,195,374,0
232,437,0,195,479,0,154,461,0,195,380,0
232,441,0,197,484,0,155,465,0,194,383,0
233,444,0,198,487,0,156,469,0,194,386,0
233,446,0,199,490,0,157,472,0,193,389,0
233,449,0,199,492,0,158,475,0,193,390,0
233,450,0,199,493,0,158,477,0,193,393,0
233,452,0,200,495,0,159,478,0,193,395,0
234,453,0,200,498,0,159,482,0,193,397,0
234,456,0,201,500,0,160,485,0,193,401,0
235,461,0,201,507,0,160,491,0,193,405,0
237,469,0,206,516,0,162,500,0,194,416,0
238,475,0,208,522,0,166,508,0,194,421,0
241,487,0,212,534,0,168,522,0,196,436,0
242,492,0,215,541,0,170,527,0,197,442,0
245,498,0,216,544,0,174,534,0,199,447,0
246,500,0,218,548,0,175,539,0,199,452,0
246,502,0,219,549,0,176,540,0,200,453,0
246,501,0,219,549,0,176,540,0,200,452,0
246,500,0,218,548,0,175,539,0,199,452,0
245,500,0,218,548,0,175,538,0,199,452,0
245,500,0,218,548,0,175,538,0,199,452,0
245,500,0,218,548,0,175,538,0,199,452,0
245,500,0,218,548,0,175,538,0,199,452,0
245,500,0,218,548,0,175,539,0,199,452,0
245,500,0,218,548,0,175,538,0,199,451,0
245,500,0,217,547,0,175,537,0,199,450,0
245,499,0,217,545,0,174,534,0,199,448,0
244,495,0,216,542,0,172,533,0,198,445,0
243,495,0,216,541,0,172,532,0,198,445,0
243,495,0,216,541,0,172,532,0,198,445,0
243,495,0,216,541,0,172,532,0,198,445,0
243,495,0,216,541,0,172,532,0,198,445,0
243,495,0,216,541,0,172,532,0,198,445,0
243,495,0,216,541,0,172,532,0,198,445,0
243,495,0,216,541,0,172,532,0,198,445,0
243,495,0,216,541,0,172,532,0,198,445,0
243,495,0,216,541,0,172,532,0,198,445,0
243,495,0,216,541,0,172,532,0,198,445,0
243,495,0,216,541,0,172,532,0,198,445,0
243,495,0,216,541,0,172,532,0,198,445,0
243,495,0,216,542,0,172,532,0,198,445,0
243,495,0,216,541,0,172,532,0,198,445,0
243,495,0,216,541,0,172,532,0,198,445,0
243,494,0,216,541,0,172,532,0,198,444,0
243,495,0,216,541,0,172,532,0,198,445,0
244,497,0,216,543,0,173,533,0,199,447,0
245,500,0,218,548,0,175,539,0,199,452,0
247,504,0,220,552,0,176,541,0,200,454,0
248,508,0,223,557,0,178,548,0,200,460,0
249,509,0,224,558,0,179,549,0,200,462,0
250,515,0,225,563,0,182,556,0,200,467,0
252,517,0,227,567,0,184,559,0,200,470,0
255,524,0,231,573,0,186,566,0,202,477,0
256,525,0,232,575,0,188,571,0,203,482,0
257,529,0,235,579,0,191,572,0,204,485,0
258,531,0,236,580,0,192,574,0,206,487,0
259,532,0,237,582,0,192,577,0,206,490,0
259,534,0,239,585,0,193,579,0,207,492,0
261,538,0,241,588,0,195,582,0,208,494,0
263,540,0,242,590,0,198,588,0,208,498,0
263,540,0,243,593,0,199,588,0,208,500,0
264,542,0,245,595,0,200,589,0,208,501,0
265,544,0,246,596,0,200,591,0,208,502,0
265,546,0,247,597,0,201,593,0,209,504,0
267,548,0,248,599,0,203,596,0,211,508,0
267,549,0,250,601,0,204,598,0,211,510,0
268,551,0,251,603,0,205,602,0,212,512,0
269,554,0,251,604,0,207,604,0,213,516,0
270,556,0,252,607,0,208,604,0,215,517,0
271,556,0,254,610,0,208,605,0,216,518,0
272,557,0,256,611,0,211,608,0,216,520,0
273,559,0,257,612,0,212,611,0,216,523,0
275,563,0,258,614,0,214,613,0,216,525,0
277,567,0,263,620,0,218,619,0,219,532,0
279,570,0,264,621,0,219,622,0,220,533,0
281,572,0,266,623,0,221,626,0,222,538,0
281,572,0,267,625,0,223,627,0,222,539,0
282,573,0,269,627,0,224,628,0,223,541,0
283,574,0,270,628,0,225,629,0,224,541,0
285,579,0,274,631,0,229,634,0,225,545,0
288,581,0,277,635,0,233,638,0,227,549,0
290,584,0,279,637,0,234,640,0,228,553,0
291,586,0,281,638,0,235,642,0,230,556,0
292,587,0,282,640,0,236,644,0,231,557,0
292,588,0,283,641,0,237,645,0,232,557,0
293,589,0,284,644,0,241,648,0,232,558,0
294,590,0,284,644,0,241,649,0,232,559,0
294,591,0,285,644,0,242,650,0,232,561,0
295,592,0,286,645,0,242,651,0,233,563,0
297,595,0,289,647,0,242,652,0,234,564,0
298,596,0,290,649,0,243,654,0,234,565,0
299,596,0,291,650,0,246,656,0,235,568,0
299,596,0,291,651,0,247,657,0,236,568,0
299,596,0,291,651,0,246,656,0,235,568,0
299,596,0,291,651,0,245,656,0,235,567,0
299,596,0,291,650,0,245,655,0,235,567,0
299,596,0,291,650,0,245,655,0,235,566,0
299,596,0,291,650,0,245,655,0,235,566,0
298,596,0,290,649,0,243,653,0,234,565,0
298,595,0,289,647,0,242,652,0,234,564,0
297,595,0,289,647,0,242,652,0,234,564,0
297,594,0,289,647,0,242,652,0,234,564,0
297,594,0,288,647,0,242,652,0,234,564,0
296,593,0,288,646,0,242,651,0,233,563,0
296,592,0,287,645,0,242,651,0,233,563,0
296,593,0,286,646,0,242,651,0,233,563,0
296,593,0,287,646,0,242,651,0,233,563,0
297,594,0,289,647,0,242,652,0,234,564,0
298,596,0,290,649,0,245,655,0,235,566,0
301,600,0,294,653,0,249,660,0,239,573,0
304,603,0,298,657,0,252,663,0,240,574,0
306,604,0,300,659,0,256,666,0,241,577,0
306,605,0,301,660,0,257,668,0,243,580,0
308,608,0,305,662,0,258,669,0,245,582,0
311,611,0,307,665,0,263,674,0,247,587,0
314,613,0,309,667,0,265,676,0,248,588,0
315,614,0,313,669,0,267,678,0,250,591,0
317,618,0,315,671,0,271,682,0,253,595,0
321,620,0,318,675,0,274,685,0,256,598,0
325,625,0,324,679,0,281,691,0,259,604,0
329,628,0,329,682,0,285,694,0,263,609,0
332,630,0,332,685,0,290,698,0,265,612,0
335,633,0,338,688,0,295,702,0,269,617,0
340,637,0,345,693,0,301,707,0,273,621,0
347,643,0,351,697,0,308,713,0,279,629,0
348,645,0,355,700,0,312,716,0,281,630,0
351,645,0,356,701,0,314,717,0,284,634,0
355,649,0,361,703,0,318,720,0,286,636,0
356,650,0,363,704,0,321,721,0,288,637,0
357,651,0,364,705,0,323,723,0,289,638,0
363,654,0,371,709,0,330,727,0,295,644,0
365,656,0,373,710,0,332,728,0,297,646,0
369,659,0,378,712,0,337,732,0,300,650,0
371,660,0,380,713,0,339,733,0,302,652,0
373,662,0,386,717,0,345,736,0,306,654,0
380,666,0,392,719,0,352,740,0,311,660,0
387,669,0,398,721,0,359,744,0,316,665,0
391,671,0,404,725,0,365,747,0,322,669,0
394,673,0,410,727,0,371,750,0,324,671,0
396,674,0,411,727,0,372,751,0,328,673,0
400,676,0,415,728,0,377,752,0,330,675,0
403,677,0,419,729,0,380,753,0,333,678,0
404,679,0,421,731,0,384,756,0,337,680,0
409,680,0,426,733,0,389,759,0,340,683,0
411,682,0,427,735,0,391,760,0,341,684,0
411,682,0,428,735,0,393,760,0,342,684,0
412,682,0,429,735,0,393,760,0,343,685,0
412,682,0,428,735,0,393,760,0,342,684,0
411,682,0,427,735,0,392,760,0,341,684,0
410,682,0,427,734,0,390,759,0,340,683,0
409,681,0,427,734,0,388,759,0,340,683,0
409,681,0,426,734,0,388,759,0,340,683,0
409,681,0,426,734,0,388,759,0,340,682,0
409,681,0,426,734,0,388,759,0,339,682,0
409,681,0,426,734,0,388,759,0,339,682,0
409,681,0,426,734,0,388,759,0,339,682,0
409,681,0,426,734,0,387,759,0,339,682,0
409,681,0,426,734,0,387,758,0,339,682,0
409,681,0,426,734,0,387,758,0,339,682,0
410,681,0,427,734,0,389,759,0,340,683,0
411,682,0,427,734,0,391,759,0,341,683,0
411,682,0,428,734,0,393,760,0,342,683,0
412,682,0,432,735,0,395,760,0,345,685,0
414,683,0,433,735,0,395,760,0,346,686,0
416,683,0,435,735,0,396,760,0,347,687,0
418,684,0,436,736,0,399,760,0,347,687,0
419,685,0,439,736,0,402,760,0,351,689,0
422,685,0,443,736,0,404,760,0,354,691,0
424,686,0,443,736,0,405,760,0,355,692,0
425,686,0,444,737,0,407,760,0,355,692,0
426,687,0,445,737,0,408,760,0,356,693,0
426,687,0,446,737,0,408,760,0,357,693,0
427,687,0,447,737,0,408,760,0,358,694,0
429,688,0,451,739,0,410,760,0,362,695,0
429,688,0,451,739,0,416,760,0,362,695,0
431,688,0,452,739,0,416,760,0,362,695,0
432,689,0,453,739,0,416,760,0,363,696,0
433,689,0,454,740,0,1023,1023,0,364,696,0
436,690,0,458,741,0,1023,1023,0,366,698,0
439,691,0,461,742,0,1023,1023,0,370,700,0
442,692,0,464,742,0,1023,1023,0,372,701,0
443,692,0,467,743,0,1023,1023,0,375,703,0
445,693,0,469,743,0,1023,1023,0,378,703,0
452,694,0,477,744,0,1023,1023,0,385,708,0
455,695,0,482,744,0,1023,1023,0,388,709,0
459,696,0,485,744,0,1023,1023,0,393,711,0
465,697,0,491,744,0,1023,1023,0,396,712,0
475,699,0,503,744,0,1023,1023,0,410,718,0
479,700,0,508,745,0,1023,1023,0,411,719,0
483,700,0,513,745,0,1023,1023,0,418,720,0
487,701,0,517,745,0,1023,1023,0,419,720,0
490,701,0,521,745,0,1023,1023,0,424,721,0
494,702,0,527,745,0,1023,1023,0,428,724,0
498,702,0,530,745,0,1023,1023,0,433,726,0
499,702,0,531,745,0,1023,1023,0,433,726,0
498,702,0,530,745,0,1023,1023,0,432,725,0
497,702,0,529,745,0,1023,1023,0,431,724,0
497,702,0,529,745,0,1023,1023,0,430,724,0
496,702,0,528,745,0,1023,1023,0,430,724,0
496,702,0,528,745,0,1023,1023,0,429,724,0
495,702,0,528,745,0,1023,1023,0,429,723,0
495,702,0,527,745,0,1023,1023,0,429,723,0
494,702,0,526,745,0,1023,1023,0,428,723,0
494,702,0,526,745,0,1023,1023,0,428,723,0
493,701,0,525,745,0,1023,1023,0,428,723,0
493,701,0,525,745,0,1023,1023,0,428,723,0
493,701,0,525,745,0,1023,1023,0,427,723,0
493,701,0,524,745,0,1023,1023,0,427,722,0
493,701,0,524,745,0,1023,1023,0,427,722,0
493,701,0,524,745,0,1023,1023,0,427,722,0
493,701,0,524,745,0,1023,1023,0,427,722,0
493,701,0,524,745,0,1023,1023,0,427,722,0
493,701,0,524,745,0,1023,1023,0,427,722,0
493,701,0,524,745,0,1023,1023,0,427,722,0
493,701,0,524,745,0,1023,1023,0,427,722,0
493,701,0,524,745,0,1023,1023,0,427,722,0
493,701,0,524,745,0,1023,1023,0,427,722,0
493,701,0,524,745,0,1023,1023,0,427,722,0
493,701,0,524,745,0,1023,1023,0,427,722,0
493,701,0,524,745,0,1023,1023,0,427,722,0
493,701,0,524,745,0,1023,1023,0,427,722,0
493,701,0,525,745,0,1023,1023,0,427,722,0
493,701,0,525,745,0,1023,1023,0,428,722,0
493,701,0,525,745,0,1023,1023,0,427,722,0
493,701,0,525,745,0,1023,1023,0,427,722,0
493,701,0,525,745,0,1023,1023,0,427,722,0
493,701,0,525,745,0,1023,1023,0,427,722,0
493,702,0,525,745,0,1023,1023,0,428,723,0
493,702,0,525,746,0,1023,1023,0,428,723,0
493,702,0,525,746,0,1023,1023,0,428,723,0
495,702,0,527,746,0,1023,1023,0,429,724,0
497,702,0,530,746,0,1023,1023,0,432,726,0
499,702,0,531,746,0,1023,1023,0,434,726,0
500,703,0,534,746,0,1023,1023,0,436,727,0
503,703,0,538,746,0,1023,1023,0,439,728,0
506,703,0,539,746,0,1023,1023,0,442,728,0
510,703,0,545,745,0,1023,1023,0,446,728,0
515,703,0,550,744,0,1023,1023,0,452,728,0
522,703,0,556,744,0,1023,1023,0,459,730,0
525,703,0,562,744,0,1023,1023,0,461,731,0
529,703,0,565,744,0,1023,1023,0,467,733,0
532,702,0,569,744,0,1023,1023,0,469,733,0
535,703,0,572,743,0,1023,1023,0,474,734,0
538,702,0,575,743,0,1023,1023,0,476,735,0
541,702,0,579,743,0,1023,1023,0,480,735,0
544,702,0,581,742,0,1023,1023,0,483,735,0
547,702,0,586,741,0,1023,1023,0,485,736,0
549,702,0,588,741,0,1023,1023,0,490,736,0
552,702,0,593,739,0,1023,1023,0,491,736,0
557,701,0,598,737,0,1023,1023,0,498,736,0
564,700,0,604,736,0,1023,1023,0,505,736,0
572,698,0,613,735,0,1023,1023,0,515,736,0
577,697,0,621,733,0,1023,1023,0,522,736,0
583,696,0,628,728,0,1023,1023,0,529,736,0
588,695,0,633,728,0,1023,1023,0,532,736,0
592,695,0,636,727,0,1023,1023,0,539,736,0
596,694,0,641,726,0,1023,1023,0,541,736,0
598,693,0,644,724,0,1023,1023,0,546,736,0
602,692,0,647,723,0,1023,1023,0,547,736,0
603,691,0,650,721,0,1023,1023,0,549,736,0
604,691,0,651,721,0,1023,1023,0,551,736,0
606,691,0,652,720,0,1023,1023,0,555,736,0
611,690,0,657,720,0,1023,1023,0,557,736,0
613,689,0,660,719,0,1023,1023,0,562,736,0
614,689,0,660,719,0,1023,1023,0,563,736,0
615,689,0,660,719,0,1023,1023,0,563,736,0
614,689,0,660,719,0,1023,1023,0,563,736,0
614,689,0,660,719,0,1023,1023,0,563,736,0
614,689,0,660,719,0,1023,1023,0,563,736,0
614,689,0,660,719,0,1023,1023,0,563,736,0
614,689,0,660,719,0,1023,1023,0,563,736,0
614,689,0,660,719,0,1023,1023,0,563,736,0
614,689,0,660,719,0,1023,1023,0,563,736,0
613,690,0,660,719,0,1023,1023,0,562,736,0
611,691,0,659,720,0,1023,1023,0,560,736,0
611,691,0,658,720,0,1023,1023,0,557,736,0
606,693,0,652,722,0,1023,1023,0,554,736,0
604,693,0,651,723,0,1023,1023,0,552,736,0
604,693,0,649,724,0,1023,1023,0,550,736,0
603,694,0,648,724,0,1023,1023,0,548,736,0
602,694,0,646,725,0,1023,1023,0,547,737,0
601,694,0,645,726,0,1023,1023,0,547,737,0
601,694,0,645,726,0,1023,1023,0,547,737,0
601,694,0,645,726,0,1023,1023,0,547,737,0
601,694,0,645,726,0,1023,1023,0,547,737,0
601,694,0,645,726,0,1023,1023,0,547,737,0
601,694,0,645,726,0,1023,1023,0,547,737,0
601,694,0,645,726,0,1023,1023,0,547,737,0
602,694,0,647,725,0,1023,1023,0,548,736,0
603,694,0,648,725,0,1023,1023,0,548,736,0
604,694,0,651,723,0,1023,1023,0,551,736,0
606,693,0,652,722,0,1023,1023,0,555,736,0
609,692,0,656,720,0,1023,1023,0,556,736,0
613,691,0,660,720,0,1023,1023,0,563,736,0
617,689,0,663,719,0,1023,1023,0,565,736,0
622,687,0,671,715,0,1023,1023,0,572,736,0
626,686,0,675,712,0,1023,1023,0,577,736,0
628,686,0,676,712,0,1023,1023,0,579,736,0
629,685,0,677,711,0,1023,1023,0,580,736,0
631,684,0,680,710,0,1023,1023,0,583,735,0
634,684,0,683,709,0,1023,1023,0,586,735,0
635,683,0,684,708,0,676,752,0,588,735,0
639,681,0,689,705,0,679,751,0,591,734,0
642,680,0,691,704,0,684,750,0,596,733,0
644,679,0,693,703,0,687,748,0,599,732,0
646,679,0,698,701,0,691,745,0,603,731,0
651,677,0,701,699,0,696,744,0,607,729,0
654,675,0,707,696,0,700,742,0,612,728,0
658,673,0,708,694,0,705,739,0,614,728,0
659,672,0,710,693,0,708,737,0,619,728,0
661,671,0,714,691,0,709,736,0,619,728,0
667,669,0,717,688,0,715,734,0,626,727,0
668,668,0,720,687,0,716,733,0,627,726,0
670,667,0,723,685,0,720,731,0,629,725,0
671,667,0,724,684,0,722,729,0,631,724,0
673,666,0,724,684,0,723,729,0,633,722,0
674,665,0,725,683,0,724,728,0,635,721,0
675,665,0,726,682,0,724,728,0,635,721,0
675,664,0,730,680,0,726,726,0,637,720,0
677,662,0,731,678,0,730,724,0,641,720,0
679,661,0,732,678,0,731,723,0,642,720,0
680,661,0,732,678,0,732,724,0,643,720,0
681,662,0,733,679,0,732,725,0,644,720,0
683,661,0,735,677,0,735,723,0,644,720,0
684,660,0,737,675,0,738,720,0,645,719,0
684,659,0,738,674,0,738,719,0,645,719,0
684,659,0,738,674,0,738,720,0,646,719,0
684,659,0,738,673,0,738,719,0,646,718,0
685,658,0,739,673,0,739,719,0,648,718,0
687,657,0,740,671,0,740,717,0,651,716,0
689,655,0,741,670,0,742,716,0,652,715,0
691,654,0,743,669,0,746,714,0,655,713,0
692,653,0,745,667,0,747,713,0,658,712,0
692,653,0,747,666,0,748,712,0,659,712,0
694,653,0,747,666,0,749,712,0,660,712,0
694,655,0,748,668,0,750,714,0,660,716,0
695,660,0,748,673,0,750,718,0,661,720,0
696,660,0,749,673,0,753,719,0,662,720,0
698,659,0,751,671,0,755,717,0,666,720,0
699,657,0,754,668,0,756,714,0,667,719,0
701,654,0,755,665,0,758,711,0,668,716,0
703,651,0,757,661,0,763,706,0,673,712,0
707,647,0,761,658,0,764,703,0,675,710,0
708,644,0,763,653,0,767,699,0,677,705,0
710,642,0,764,651,0,770,696,0,680,704,0
714,637,0,768,645,0,773,692,0,683,700,0
715,636,0,770,644,0,774,691,0,684,700,0
716,635,0,771,643,0,778,688,0,689,697,0
717,634,0,772,642,0,779,686,0,691,696,0
719,632,0,773,639,0,780,684,0,691,696,0
721,630,0,774,638,0,781,684,0,692,695,0
722,629,0,775,637,0,782,683,0,692,695,0
723,629,0,777,636,0,783,682,0,693,695,0
722,634,0,777,640,0,783,685,0,694,696,0
722,636,0,776,644,0,783,691,0,693,704,0
720,643,0,775,650,0,782,696,0,692,710,0
719,648,0,774,654,0,781,700,0,693,712,0
722,645,0,776,652,0,785,697,0,694,712,0
724,644,0,779,649,0,788,693,0,699,709,0
728,641,0,782,644,0,792,689,0,704,705,0
731,637,0,786,642,0,796,685,0,707,704,0
732,636,0,788,638,0,797,684,0,708,702,0
733,635,0,789,636,0,800,681,0,711,700,0
737,631,0,791,634,0,803,677,0,715,697,0
739,628,0,794,629,0,805,675,0,717,696,0
742,625,0,798,623,0,811,667,0,724,690,0
749,615,0,805,613,0,819,658,0,732,683,0
752,612,0,807,611,0,822,653,0,737,680,0
754,610,0,810,606,0,825,650,0,739,678,0
756,608,0,811,604,0,827,647,0,741,676,0
757,605,0,812,602,0,829,644,0,744,674,0
761,602,0,815,596,0,832,639,0,748,670,0
763,600,0,817,595,0,834,636,0,750,668,0
764,597,0,818,592,0,836,634,0,753,666,0
766,595,0,821,587,0,839,629,0,756,662,0
768,592,0,822,584,0,841,627,0,757,661,0
770,589,0,823,581,0,844,622,0,761,658,0
771,587,0,825,579,0,845,620,0,762,657,0
771,586,0,826,578,0,846,619,0,764,655,0
773,582,0,828,573,0,848,613,0,766,652,0
775,580,0,829,571,0,850,612,0,769,649,0
777,578,0,831,566,0,852,608,0,771,647,0
779,575,0,832,563,0,854,603,0,773,644,0
780,570,0,835,557,0,856,597,0,776,639,0
789,545,0,843,532,0,866,572,0,788,614,0
790,543,0,844,530,0,867,569,0,789,612,0
792,540,0,846,525,0,870,564,0,791,610,0
793,539,0,847,524,0,871,563,0,792,609,0
796,533,0,848,518,0,872,557,0,795,603,0
797,531,0,849,515,0,874,554,0,798,600,0
797,530,0,849,514,0,876,551,0,800,598,0
798,527,0,851,510,0,877,548,0,800,597,0
799,525,0,852,508,0,878,547,0,801,596,0
800,523,0,853,506,0,880,541,0,803,593,0
801,523,0,853,504,0,880,541,0,804,592,0
801,522,0,854,501,0,880,540,0,807,590,0
802,522,0,854,501,0,880,540,0,808,590,0
802,522,0,855,500,0,880,539,0,808,589,0
804,517,0,855,497,0,883,533,0,810,587,0
805,508,0,856,490,0,887,524,0,814,579,0
808,505,0,858,484,0,888,519,0,816,574,0
809,503,0,859,482,0,888,516,0,817,572,0
809,501,0,860,479,0,888,516,0,818,570,0
810,499,0,861,476,0,889,511,0,821,567,0
811,496,0,862,472,0,891,508,0,822,564,0
812,493,0,862,469,0,892,504,0,823,563,0
812,492,0,863,468,0,894,501,0,824,562,0
813,490,0,863,466,0,894,499,0,824,559,0
814,485,0,864,460,0,896,493,0,826,555,0
814,484,0,864,459,0,896,492,0,828,551,0
816,480,0,864,454,0,896,487,0,830,548,0
816,477,0,864,452,0,896,484,0,831,546,0
817,476,0,864,450,0,896,483,0,832,544,0
817,472,0,864,444,0,897,476,0,833,539,0
818,468,0,864,441,0,898,474,0,835,537,0
819,466,0,865,437,0,900,468,0,837,532,0
819,463,0,865,435,0,900,465,0,838,530,0
820,460,0,865,432,0,902,461,0,840,526,0
820,458,0,866,428,0,902,458,0,840,524,0
820,457,0,866,427,0,903,456,0,840,524,0
821,456,0,866,427,0,903,455,0,840,523,0
821,454,0,866,425,0,903,452,0,840,523,0
821,452,0,866,423,0,903,452,0,841,521,0
822,451,0,867,419,0,904,448,0,844,516,0
822,449,0,868,418,0,904,446,0,844,515,0
822,448,0,868,418,0,904,445,0,844,515,0
822,448,0,868,418,0,904,445,0,844,515,0
822,448,0,868,418,0,904,445,0,844,515,0
823,447,0,868,417,0,904,445,0,845,515,0
822,447,0,868,417,0,904,445,0,844,514,0
823,447,0,868,417,0,904,445,0,844,514,0
822,447,0,868,417,0,904,445,0,844,514,0
822,447,0,868,417,0,904,445,0,844,514,0
823,446,0,868,415,0,904,444,0,846,511,0
823,445,0,868,413,0,904,443,0,846,510,0
823,445,0,868,413,0,904,443,0,846,510,0
823,445,0,868,413,0,904,443,0,846,510,0
823,444,0,868,413,0,904,443,0,846,509,0
822,444,0,868,412,0,904,441,0,846,509,0
823,444,0,868,412,0,904,441,0,847,508,0
823,441,0,868,409,0,904,436,0,847,507,0
823,438,0,868,405,0,904,434,0,848,502,0
823,437,0,868,404,0,904,432,0,848,501,0
823,437,0,868,404,0,904,432,0,848,501,0
823,436,0,867,404,0,904,431,0,848,501,0
823,435,0,867,402,0,904,428,0,848,500,0
823,434,0,867,401,0,904,428,0,848,500,0
824,433,0,866,399,0,904,427,0,848,499,0
824,433,0,866,399,0,904,427,0,848,499,0
824,433,0,867,398,0,904,427,0,848,499,0
824,433,0,867,398,0,904,426,0,848,499,0
824,432,0,867,398,0,904,426,0,848,499,0
824,432,0,867,398,0,904,426,0,848,499,0
824,432,0,867,398,0,904,426,0,848,499,0
824,433,0,867,398,0,904,426,0,848,499,0
824,433,0,867,398,0,904,427,0,848,499,0
824,432,0,867,398,0,904,426,0,848,499,0
824,433,0,867,398,0,904,426,0,848,499,0
824,433,0,867,398,0,904,427,0,848,499,0
824,433,0,866,399,0,904,427,0,848,499,0
824,433,0,866,399,0,904,427,0,848,499,0
824,433,0,866,398,0,904,426,0,848,499,0
824,432,0,866,398,0,904,426,0,848,498,0
824,432,0,867,397,0,904,425,0,848,497,0
824,430,0,867,396,0,904,422,0,849,495,0
824,427,0,866,393,0,904,420,0,850,492,0
824,426,0,866,390,0,904,417,0,850,491,0
824,424,0,866,389,0,904,415,0,851,489,0
824,423,0,866,388,0,904,413,0,852,487,0
824,421,0,866,386,0,904,412,0,853,485,0
824,419,0,865,383,0,904,410,0,853,483,0
824,418,0,865,382,0,904,408,0,853,483,0
824,418,0,865,382,0,904,408,0,853,483,0
824,418,0,865,382,0,904,408,0,853,483,0
824,418,0,865,382,0,904,408,0,854,483,0
824,418,0,865,382,0,904,408,0,854,482,0
824,418,0,865,382,0,904,408,0,854,482,0
824,418,0,865,382,0,904,408,0,854,482,0
824,418,0,865,382,0,904,408,0,853,482,0
824,418,0,865,382,0,904,408,0,853,482,0
824,418,0,865,382,0,904,408,0,853,482,0
824,418,0,865,382,0,904,408,0,853,482,0
824,418,0,865,382,0,904,408,0,853,482,0
824,418,0,865,382,0,904,408,0,853,482,0
824,418,0,865,382,0,904,408,0,853,482,0
824,418,0,865,382,0,904,407,0,853,482,0
824,418,0,865,382,0,904,408,0,853,482,0
824,418,0,865,382,0,904,407,0,853,482,0
824,418,0,865,382,0,904,407,0,853,482,0
824,418,0,865,382,0,904,407,0,853,482,0
824,418,0,865,382,0,904,407,0,853,482,0
824,418,0,865,382,0,904,407,0,853,482,0
824,418,0,865,382,0,904,407,0,853,482,0
824,418,0,865,382,0,904,407,0,853,482,0
824,418,0,865,382,0,904,407,0,853,482,0
824,418,0,865,382,0,904,407,0,853,482,0
824,418,0,865,382,0,904,407,0,853,482,0
824,418,0,865,382,0,904,408,0,853,482,0
824,418,0,865,382,0,904,407,0,853,482,0
824,418,0,865,382,0,904,407,0,853,482,0
824,418,0,865,382,0,904,407,0,853,482,0
824,418,0,865,382,0,904,407,0,853,482,0
824,418,0,865,382,0,904,407,0,853,482,0
824,418,0,865,382,0,904,407,0,853,482,0
824,418,0,865,382,0,904,407,0,853,482,0
824,418,0,865,382,0,904,407,0,853,482,0
824,418,0,865,382,0,904,407,0,853,482,0
824,418,0,865,382,0,904,407,0,853,482,0
824,418,0,865,382,0,904,407,0,853,482,0
824,418,0,865,382,0,904,407,0,853,482,0
824,418,0,865,382,0,904,407,0,853,482,0
824,418,0,865,382,0,904,407,0,853,482,0
824,418,0,865,382,0,904,407,0,853,482,0
824,418,0,865,382,0,904,408,0,853,482,0
824,418,0,865,382,0,904,408,0,853,482,0
824,418,0,865,382,0,904,408,0,853,482,0
824,418,0,865,381,0,904,407,0,853,482,0
824,418,0,865,381,0,904,407,0,853,482,0
824,418,0,865,381,0,904,407,0,853,482,0
824,418,0,865,382,0,904,407,0,853,482,0
824,418,0,865,381,0,904,407,0,853,482,0
824,418,0,865,381,0,904,407,0,853,482,0
824,418,0,865,381,0,904,407,0,853,482,0
824,418,0,865,382,0,904,407,0,853,482,0
824,418,0,865,382,0,904,407,0,853,482,0
824,418,0,865,382,0,904,407,0,853,482,0
824,418,0,865,382,0,904,407,0,853,482,0
824,418,0,865,382,0,904,407,0,853,482,0
824,418,0,865,382,0,904,407,0,853,482,0
824,418,0,865,382,0,904,407,0,853,482,0
824,418,0,865,382,0,904,407,0,853,482,0
824,418,0,865,382,0,904,407,0,853,482,0
824,418,0,865,382,0,904,407,0,853,482,0
824,418,0,865,382,0,904,407,0,853,482,0
824,418,0,865,382,0,904,407,0,853,482,0
824,418,0,865,382,0,904,407,0,853,482,0
824,418,0,865,382,0,904,407,0,853,482,0
824,418,0,865,382,0,904,407,0,853,482,0
824,418,0,865,382,0,904,407,0,853,482,0
824,418,0,865,382,0,904,407,0,853,482,0
824,418,0,865,382,0,904,407,0,853,482,0
824,418,0,865,382,0,904,407,0,853,482,0
824,418,0,865,382,0,904,407,0,853,482,0
824,418,0,865,382,0,904,407,0,853,482,0
824,418,0,865,382,0,904,407,0,853,482,0
824,418,0,865,382,0,904,407,0,853,482,0
824,418,0,865,382,0,904,407,0,853,482,0
824,418,0,865,382,0,904,407,0,853,482,0
824,418,0,865,382,0,904,407,0,853,482,0
824,418,0,865,382,0,904,407,0,853,482,0
824,418,0,865,382,0,904,407,0,853,482,0
824,418,0,865,382,0,904,407,0,853,482,0
824,418,0,865,382,0,904,407,0,853,482,0
824,418,0,865,382,0,904,407,0,853,482,0
824,418,0,865,382,0,904,407,0,853,482,0
824,418,0,865,382,0,904,407,0,853,482,0
824,418,0,865,382,0,904,407,0,853,482,0
824,418,0,865,382,0,904,407,0,853,482,0
824,418,0,865,382,0,904,407,0,853,482,0
824,418,0,865,382,0,904,407,0,853,482,0
824,418,0,865,382,0,904,407,0,853,482,0
824,418,0,865,382,0,904,407,0,853,482,0
824,418,0,865,382,0,904,407,0,853,482,0
824,418,0,865,382,0,904,407,0,853,482,0
824,418,0,865,382,0,904,407,0,853,482,0
824,418,0,865,382,0,904,407,0,853,482,0
824,418,0,865,382,0,904,408,0,853,482,0
824,418,0,865,382,0,904,407,0,853,482,0
824,418,0,865,382,0,904,407,0,853,482,0
824,418,0,865,382,0,904,408,0,853,482,0
824,418,0,865,382,0,904,408,0,853,482,0
824,418,0,865,382,0,904,407,0,853,482,0
824,418,0,865,382,0,904,408,0,853,482,0
824,418,0,865,382,0,904,408,0,853,482,0
824,418,0,865,382,0,904,408,0,853,482,0
824,418,0,865,382,0,904,408,0,853,482,0
824,418,0,865,382,0,904,408,0,853,482,0
824,418,0,865,382,0,904,408,0,853,482,0
824,418,0,865,382,0,904,408,0,853,482,0
824,418,0,865,382,0,904,408,0,853,482,0
824,418,0,865,382,0,904,408,0,853,482,0
824,418,0,865,382,0,904,408,0,853,482,0
824,418,0,865,382,0,904,408,0,853,482,0
824,418,0,865,382,0,904,408,0,853,482,0
824,418,0,865,382,0,904,408,0,853,482,0
824,418,0,865,382,0,904,408,0,853,482,0
824,418,0,865,382,0,904,408,0,853,482,0
824,418,0,865,382,0,904,408,0,853,482,0
824,418,0,865,382,0,904,408,0,853,482,0
824,418,0,865,382,0,904,408,0,853,482,0
824,418,0,865,382,0,904,408,0,853,482,0
824,418,0,865,381,0,904,408,0,853,482,0
824,418,0,865,381,0,904,408,0,853,482,0